relative_path,asset_id,sha256,release_status,suggested_use
batch01/01_runtime2d.actor.cenyao.base.v1.png,runtime2d.actor.cenyao.base.v1,1915e77897a4facea0bfee4c529daf5cd4961998fe4887efc4a340f253424801,release_approved,actor-source → 岑遥 runtime master
batch01/02_runtime2d.actor.cenyao.parts.v1.png,runtime2d.actor.cenyao.parts.v1,5ec63d9e17743ab12ffc57144258fb1c46430643e3c00ec4338c89771bf28644,release_approved,actor-parts → cutout rig
batch01/03_runtime2d.grey_hive.floor_tiles.v1.png,runtime2d.grey_hive.floor_tiles.v1,ac36eb55fe0e5404b8b11ee6904d886703de6b5873d5b34be8c8f1008e5fc1e6,release_approved,GH tiles runtime source
batch01/04_runtime2d.grey_hive.wall_tiles.v1.png,runtime2d.grey_hive.wall_tiles.v1,a00aa90244b37b7b322d53b4323f77af380ff3bca869a40beed256ec76c2f94b,release_approved,GH wall runtime source
batch01/05_runtime2d.grey_hive.pipes_cables.v1.png,runtime2d.grey_hive.pipes_cables.v1,856ac9f64c56c58090d900fb406f0796cdccf7ac843cf2dfa7e1f7df5176b2ca,release_approved,GH props runtime source
batch01/06_runtime2d.prop.power_console.off_on.v1.png,runtime2d.prop.power_console.off_on.v1,4cc2443664940a54e776e4cfd8d682b8477a1848dc420b2df4990d8d398f9961,release_approved,Power Console states
batch01/07_runtime2d.prop.gate_a.closed_open.v1.png,runtime2d.prop.gate_a.closed_open.v1,7d4b352063775818773e3bbda6ae1296645e09a84f2a2940ae17075be8c00fed,release_approved,Gate A states
batch01/08_runtime2d.vfx.dash.v1.png,runtime2d.vfx.dash.v1,69ef29a1798b2ecc29ed38eeb1fafddbf25b151d75cd89b538f36b8412d0fe18,release_approved,Dash VFX source
batch01/09_runtime2d.vfx.pulse.v1.png,runtime2d.vfx.pulse.v1,f178a0477718b1cfa8f11454d9d0e7fa9272d773d21ec79be2cc313c5b7c06c2,release_approved,Pulse VFX source
batch01/10_runtime2d.vfx.guard_pierce.v1.png,runtime2d.vfx.guard_pierce.v1,6b850c7eedb5ecea14c196c8b0306fc6eb8fd9cdcb698a8efb51ee1c687b5d96,release_approved,Guard/Pierce VFX source
batch02/01_runtime2d.actor.baizhi.base.v1.png,runtime2d.actor.baizhi.base.v1,7caa3427314fc4f0b543ae0f3c3e7fbae915488096c946a34f7116602925ec16,concept_only,白芷造型 reference only
batch02/02_runtime2d.actor.baizhi.parts.v1.png,runtime2d.actor.baizhi.parts.v1,48277fed2e05c6a4766e389f8d8beaa5b76aace21c66c2d10d60d2cb429b4d4a,concept_only,白芷 parts reference
batch02/03_runtime2d.enemy.infected_maintenance_worker.v1.png,runtime2d.enemy.infected_maintenance_worker.v1,6b7055df24acfa58edfdf0342c67efb60f9fac892c80110d449700bf7021477d,release_approved,GH enemy runtime source
batch02/04_runtime2d.enemy.infected_security.v1.png,runtime2d.enemy.infected_security.v1,7bd9d4cf19f36d189cdf81530c3dee48450179696a7dbceb24eaf375714de4e4,release_approved,GH enemy runtime source
batch02/05_runtime2d.enemy.sentinel.base.v1.png,runtime2d.enemy.sentinel.base.v1,f7ced75a0fcf35afacf796f23630a40c309682c86ef67af79de5414a8a16fbe2,release_approved,Sentinel master
batch02/06_runtime2d.enemy.sentinel.parts.v1.png,runtime2d.enemy.sentinel.parts.v1,18014ec4dfd953d4054bd11df74b416bd2f9f6252b7732396edba406f4044b05,release_approved,Sentinel rig parts
batch02/07_runtime2d.prop.gate_b.v1.png,runtime2d.prop.gate_b.v1,433a56c7960d19e09fb77ea55aa1787197e4a2eecc12face0ab29d5eaac39450,release_approved,Gate B source
batch02/08_runtime2d.prop.beacon.folded.v1.png,runtime2d.prop.beacon.folded.v1,335b4658d533d501b8758070742ca3a7fff8ca30acbfa69703ec1519265c79d1,release_approved,Beacon folded
batch02/09_runtime2d.prop.beacon.deployed.v1.png,runtime2d.prop.beacon.deployed.v1,1bb59407d43b218a56f04ba5b0451844e0328549e8f448c48975aae165b36e6b,release_approved,Beacon deployed
batch02/10_runtime2d.prop.lockdown_terminal.v1.png,runtime2d.prop.lockdown_terminal.v1,ee6bed917621ddbb85edbd0a915bae07ede776917590b18c759ce3511299460d,release_approved,Lockdown terminal
batch03/01_runtime2d.prop.bio_pod.v1.png,runtime2d.prop.bio_pod.v1,aed2f8398fb30710b84b2b6e449ec46ddfe1f23c65b05cbc32de8fa3f7ff05a5,release_approved,GH bio prop
batch03/02_runtime2d.prop.supply_crates.v1.png,runtime2d.prop.supply_crates.v1,e8250132f14a9c621fd819c9b188a7a1d100e20b4da010966b45d987d51eac68,release_approved,shared industrial props
batch03/03_runtime2d.prop.medical_station.v1.png,runtime2d.prop.medical_station.v1,57e58fe63b903d2a39c5ddb689c663c2fea47fc6488a21c452abe805a628e55e,release_approved,medical prop
batch03/04_runtime2d.grey_hive.clutter.v1.png,runtime2d.grey_hive.clutter.v1,d9b7f424d0ac278c9029d7ddc2ad9559f08a3c56562770eefc7ed301d9094a6c,release_approved,GH clutter atlas
batch03/05_runtime2d.world.grey_hive.central_shaft.v1.png,runtime2d.world.grey_hive.central_shaft.v1,0bd2ddb2011e4a8b2234549659537a2a7c02327eb452ece7c8d8bfe061addb7d,concept_only,Central Shaft scene reference
batch03/06_runtime2d.world.grey_hive.lockdown_zone.v1.png,runtime2d.world.grey_hive.lockdown_zone.v1,6f794e24effc1c8ad6071676b194abec09732507c11c858a3990fabde26bcc6f,concept_only,Lockdown reference
batch03/07_runtime2d.world.grey_hive.bio_isolation.v1.png,runtime2d.world.grey_hive.bio_isolation.v1,f43a3768c04dd62e144554b6ec4d3caa504d9d7e9f6cadb5a30acb3477b1e645,concept_only,Bio Isolation reference
batch03/08_runtime2d.world.grey_hive.sentinel_arena.v1.png,runtime2d.world.grey_hive.sentinel_arena.v1,1d7cfbea57f57171093d04148a0527d2b90a1467e9505e9a239d9539cddd1fff,concept_only,arena composition reference
batch03/09_portrait.cenyao.v1.png,portrait.cenyao.v1,13ebb98a6fb6414a7f9f928a1ec204c42108aa07cbdff4a5f60a39b8f49e69dc,release_approved,Cenyao portrait
batch03/10_portrait.baizhi.v1.png,portrait.baizhi.v1,f9401cf121ade25fe80f681dece698ac682abd45625daef7817db008197f4cac,concept_only,Bai Zhi portrait reference
batch04/01_batch04.original_collage_attempt.png,batch04.original_collage_attempt,a973e94e83c964ecb97a30cab608f9efc6e2b9c3c0ead9db031312c51f6bd437,reject,none
batch04/02_runtime2d.npc.engineer.v1.attempt.png,runtime2d.npc.engineer.v1.attempt,c6105aae74c380389cecfc348fb530719c381493bd810870bf155ad0f0e643aa,concept_only,NPC reference
batch04/03_runtime2d.npc.researcher.v1.attempt_a.png,runtime2d.npc.researcher.v1.attempt_a,b20dfe34318b0822519db08ccf9b0c3b094a57ca11ba0843841535b28619dc27,reject,none
batch04/04_runtime2d.npc.researcher.v1.attempt_b.png,runtime2d.npc.researcher.v1.attempt_b,9a0252b2a97b45723ff0cc7221bfcac8a89f3fe56b7602404e4bc7d72d8f2011,concept_only,NPC reference
batch04/05_runtime2d.enemy.swarm.v1.attempt.png,runtime2d.enemy.swarm.v1.attempt,e1963a31e67e8752d2eaa87f7f12d6ce8ffda0a70226d98776c61514ce64e95e,reject,none
batch04/06_runtime2d.enemy.brute.v1.attempt.png,runtime2d.enemy.brute.v1.attempt,042aa88ab1d8a917bc96126c4dbc137e8c8b7c9829427f24d62fcb75c1ab531a,reject,none
batch04/07_batch04.remaining_attempt.png,batch04.remaining_attempt,a2d2019b05610e5be72cc6096f2f0544a1144ad83278011fff296be15757a467,reject,none
batch04/08_batch04.maintenance_room_extra.png,batch04.maintenance_room_extra,2c7050df0b9edbb61c1ec4538b27ae78ff458e8bd7ad0ae05c9582e9d36ed29e,concept_only,GH scene reference
batch05/01_runtime2d.npc.engineer.v1.png,runtime2d.npc.engineer.v1,fc842ee8efa66246c43795b86190b77a9ffd89f7c8d4c712a2ba05bfacfd8a20,concept_only,NPC reference
batch05/02_runtime2d.npc.researcher.v1.png,runtime2d.npc.researcher.v1,2ba886401ff785c703ce84811d7579179d1f808c487545e7064b2d0c57820bb4,concept_only,NPC reference
batch05/03_runtime2d.enemy.swarm.v1.png,runtime2d.enemy.swarm.v1,a87484581ffaea3d150f13645f71396a041a7e0460621496ad6e6712cbd86538,concept_only,Swarm design reference
batch05/04_runtime2d.enemy.brute.v1.png,runtime2d.enemy.brute.v1,1de2c5160fe4c5b09b825c44880df4c26b617f8694b5e405c549c33faf0fee84,concept_only,Brute design reference
batch05/05_runtime2d.boss.mother.v1.png,runtime2d.boss.mother.v1,1a3f2ed7b99324c311bbdaefaff0cb36f14b5e0a75c1c8ff8304cbd9729a179d,concept_only,非 v1 canonical Boss；reference only
batch05/06_runtime2d.world.mistharbor.tiles.v1.png,runtime2d.world.mistharbor.tiles.v1,7f91117826e0a007328544726627da3331a509da44ecd34bf429ae8b038e8d28,concept_only,MH tiles reference
batch05/07_runtime2d.world.mistharbor.props.v1.png,runtime2d.world.mistharbor.props.v1,1179c4c068d74b8449eb9d5fdd1ccdd1af6eeb3a3fbcb52f38eda2a05802efe9,concept_only,MH props reference
batch05/08_runtime2d.world.returnstation.v1.png,runtime2d.world.returnstation.v1,4dac3dafa57424193e1a21f35f4a98e3380cf74cfdf6fde5331ec490b793b1b2,concept_only,Return Station composition reference
batch05/09_runtime2d.prop.machinery.v1.png,runtime2d.prop.machinery.v1,d43c0cdaef6e0c574f1da000a970e1ff074c264f5fbdb9857505913123939570,concept_only,machinery reference
batch05/10_runtime2d.ui.windows.v1.png,runtime2d.ui.windows.v1,27f4f242d704ceb9ccf226945ed9d1895e2cf3f7d8c702af5a395b604fcf920c,concept_only,UI reference only；HTML/CSS 重做
batch06/01_runtime2d.world.mistharbor.fog_vfx.v1.png,runtime2d.world.mistharbor.fog_vfx.v1,7be96eddcb4dd820eccb142ad9343bedd76f4597643e0c305481648200f8338c,release_approved,MH fog VFX
batch06/02_runtime2d.world.mistharbor.water_edge.v1.png,runtime2d.world.mistharbor.water_edge.v1,66749eb4ce1ef51d02a034526bb1c6ad29f190fa21fa8e591405b4d5e1363ff7,release_approved,MH water edge
batch06/03_runtime2d.enemy.mistharbor.drowned.v1.png,runtime2d.enemy.mistharbor.drowned.v1,6db84004a7f9a95c2652ad0e84aa17da1c201ab0b15b995bc11cdeec67da1bb9,release_approved,Drowned runtime source
batch06/04_runtime2d.enemy.mistharbor.signal_wraith.v1.png,runtime2d.enemy.mistharbor.signal_wraith.v1,84029a7adb1b7d6af297d6165994a076c5190da0990887a06073964025c22ec3,release_approved,Wraith runtime source
batch06/05_runtime2d.world.clockworks.factory_tiles.v1.png,runtime2d.world.clockworks.factory_tiles.v1,513042e366cf87203a64f3263c4ed92bb1c6bf53fab2f1250afa00c0b6cf13bf,release_approved,CW factory tiles
batch06/06_runtime2d.world.clockworks.pressure_pipes.v1.png,runtime2d.world.clockworks.pressure_pipes.v1,7304224124ccf1d7526402fd67367ea99f64c426b80da40c6f3fa2652b519e27,release_approved,CW pressure pipes
batch06/07_runtime2d.world.clockworks.furnace.v1.png,runtime2d.world.clockworks.furnace.v1,2432858d959734ec8111c9eb0e7ad9bd56ff99e66c07df1ff1fc8b4a8b2016bd,release_approved,furnace source
batch06/08_runtime2d.enemy.clockworks.forged_guard.v1.png,runtime2d.enemy.clockworks.forged_guard.v1,27be399e6c1a8bc3d3a55ff7d83e1f60f0812b099c3322d0b33adb44087165dd,release_approved,Forged Guard source
batch06/09_runtime2d.world.returnstation.terminals.v1.png,runtime2d.world.returnstation.terminals.v1,83008caf30bcd0cd40e1d9720be7176dbbdf1e0072983551e3e1784b25f352fb,release_approved,Return Station terminal source
batch06/10_runtime2d.ui.capability_icons.v1.png,runtime2d.ui.capability_icons.v1,bcbcd0a2ec1ae1ff883ce49e864b4ff959baa0bb46d251c9158a8f8121848b77,concept_only,capability icon reference
batch07/01_runtime2d.world.mistharbor.fog_bank.v1.png,runtime2d.world.mistharbor.fog_bank.v1,775aa450a148488eeb6e67e14bb0dd7fd2db51429d086f6f9109ccb96c4d06c0,release_approved,MH fog bank
batch07/02_runtime2d.world.mistharbor.water_edge_stone.v1.png,runtime2d.world.mistharbor.water_edge_stone.v1,dc09452bf3f55c57cca1a93bb09f169ef441af90321dff47d91c4be7e62d3a83,release_approved,MH stone/water module
batch07/03_runtime2d.enemy.mistharbor.drowned.v2.png,runtime2d.enemy.mistharbor.drowned.v2,1b57a57c4fc7dc1d853b82cc1c6a3525e97af5853006ad17a8e25d0de6ca993e,release_approved,Drowned variant/master candidate
batch07/04_runtime2d.enemy.mistharbor.signal_wraith.v2.png,runtime2d.enemy.mistharbor.signal_wraith.v2,fcaad0d40dc3a9dca4c24d147c656d4c751b6a729d265ae3f60d421fe69dd055,release_approved,Wraith variant/master candidate
batch07/05_runtime2d.world.clockworks.floor_steel.v1.png,runtime2d.world.clockworks.floor_steel.v1,1a01e851654d9f5c98b5486cbe489f357ed99c55ffc601c492af63044d90b190,release_approved,CW floor
batch07/06_runtime2d.world.clockworks.pressure_pipe_valve.v1.png,runtime2d.world.clockworks.pressure_pipe_valve.v1,300ab8665768ecfafd33107cf41f2d7997864f9f6205f32ecd83a61e385b5995,release_approved,CW valve prop
batch07/07_runtime2d.world.clockworks.furnace.v2.png,runtime2d.world.clockworks.furnace.v2,30d37d59557e22b1ae8c35e93ade967ea357b58c5ad4e9f55f7b0f31fd0b7d12,release_approved,furnace variant
batch07/08_runtime2d.enemy.clockworks.forged_guard.v2.png,runtime2d.enemy.clockworks.forged_guard.v2,5c542927516e2e393eccada493e5ca4e20d4bc5d75db8431d57f306910c5d0c0,release_approved,Forged Guard variant
batch07/09_runtime2d.world.returnstation.terminal.v1.png,runtime2d.world.returnstation.terminal.v1,f6a5fc8855d2080ce081a51d1ed2d136c9075a104c1eadca1467eedf2bdf406d,release_approved,Return Station terminal
batch07/10_runtime2d.ui.capability.local_map.v1.png,runtime2d.ui.capability.local_map.v1,8b4b624a2532698d85be41cc8b01628b9a9bd0cdbe0932583ccb4df8a730d80d,release_approved,Local Map capability icon source
batch08/01_runtime2d.world.grey_hive.lockdown_zone.v1.attempt.png,runtime2d.world.grey_hive.lockdown_zone.v1.attempt,af443d90c2cb4bf6935a6f3b9b5a11e2035a6c0de89e6b8b5aef59a9aa2f1362,concept_only,Lockdown reference
batch08/02_runtime2d.prop.lockdown_terminal.v1.attempt.png,runtime2d.prop.lockdown_terminal.v1.attempt,66b7b9edfe8a661cd770a4fc576dff98f9d453ad069d08a94fba7437a28c19cb,concept_only,terminal reference；优先使用 approved 版本
batch08/03_runtime2d.world.grey_hive.bio_isolation.v1.attempt.png,runtime2d.world.grey_hive.bio_isolation.v1.attempt,a9109f7801e13bcabf4bf5b82b0db55049539fd65bb0cddc95be112a0468fbba,concept_only,scene reference
batch08/04_runtime2d.prop.sample_case.v1.attempt.png,runtime2d.prop.sample_case.v1.attempt,049e6d9a08e3d271b27709c3476287a14fc18df9d2a8d72673bec944c73777d9,reject,none；必须重做
batch08/05_runtime2d.prop.gate_b.closed_open.v1.attempt.png,runtime2d.prop.gate_b.closed_open.v1.attempt,070975930fc1bbd0e5aea87dc9c64e306ef00ab44b8903a773e24c28550683a4,reject,none；使用 batch02 approved Gate B
batch08/06_runtime2d.world.grey_hive.deep_decon.v1.attempt.png,runtime2d.world.grey_hive.deep_decon.v1.attempt,4430713526dbf905dcf1e13a32b4acc3ab42fa85c339dbaf341f9ea50b77867c,concept_only,Deep Decon reference
batch08/07_runtime2d.vfx.decon_hazard.v1.attempt.png,runtime2d.vfx.decon_hazard.v1.attempt,c796f85e49096f82388848e72c5679c93c8e2776491ecb43ae8bc36dbc960047,reject,none；VFX 重做
batch08/08_runtime2d.world.grey_hive.sentinel_arena.v1.attempt.png,runtime2d.world.grey_hive.sentinel_arena.v1.attempt,532f0b697bc9da79c1c1a166ada0f009f513ba02232c7d44698dc48d3feabf67,release_approved,Sentinel Arena source/layer production
batch08/09_runtime2d.enemy.sentinel.telegraph.v1.attempt.png,runtime2d.enemy.sentinel.telegraph.v1.attempt,04bc95fc60ecb6bbe583b842a5501237b21a562ec2c647cd69d6b3c9ffb1105c,concept_only,telegraph reference
batch08/10_runtime2d.world.grey_hive.exit.v1.attempt.png,runtime2d.world.grey_hive.exit.v1.attempt,7bec084114d7b3d832641c4ff36f2a23ba525514e77ec4ffffb27a2c5bf9ffed,concept_only,Exit reference
batch09/01_batch09.initial_ui_collage.png,batch09.initial_ui_collage,d679013a64a84130202d10280577ec02173f5833ecd1ca56ba86f557b0b4daff,reject,none
batch09/02_runtime2d.world.returnstation.core_room.v1.attempt.png,runtime2d.world.returnstation.core_room.v1.attempt,279efe92a5f28d7b076214f40190c2697ff54ccd1866c63851dc8b583d96c069,reject,none；Core Room 重做
batch09/03_runtime2d.world.returnstation.world_gate.v1.attempt.png,runtime2d.world.returnstation.world_gate.v1.attempt,49690a031e6a4cc408aba4b45ca71a24884307d158fd2ab86160e7ad39a71df7,reject,none；World Gate 重做
batch09/04_runtime2d.world.returnstation.character_terminal.v1.attempt.png,runtime2d.world.returnstation.character_terminal.v1.attempt,ac690479e9e73a7718e7756243f5a83f44fe0319c1a3023391053b21040f2698,reject,none
batch09/05_runtime2d.world.returnstation.capability_terminal.v1.attempt.png,runtime2d.world.returnstation.capability_terminal.v1.attempt,87168531b3d2027ba54978393eed4a13a9b0eba2dae2cd5c210c8f3d4647ace5,reject,none；terminal 新做/由 approved terminal 派生
batch09/06_runtime2d.ui.world_network.v1.attempt.png,runtime2d.ui.world_network.v1.attempt,0f538a43031f84b26cf8d3c027b636eeb24e762795d6acd3a4728253d644bc86,concept_only,World Network layout reference
batch09/07_runtime2d.ui.capability_tree.v1.attempt.png,runtime2d.ui.capability_tree.v1.attempt,93c014135e44754818ea99c8df38a37007b6f9831e07a5fc66c23d6352dc9cba,reject,none；HTML/CSS 重做
batch09/08_runtime2d.ui.inventory.v1.attempt.png,runtime2d.ui.inventory.v1.attempt,b84b2d53ca60a1ca22d6f914a202f7c0779c71045d3aef91e606a2883ddd653a,reject,none；HTML/CSS 重做
batch09/09_runtime2d.ui.character_status.v1.attempt.png,runtime2d.ui.character_status.v1.attempt,f3094084d7007888134d9c13563e12d60f4f77b15f9876faafc7931c6bacc9d4,reject,none；HTML/CSS 重做
batch09/10_runtime2d.ui.mission_terminal.v1.attempt.png,runtime2d.ui.mission_terminal.v1.attempt,97a3f11cf811dc739357c6ff8588d25ca61027cba352d9fd86128b5902be203f,concept_only,terminal UI reference
batch09/11_runtime2d.ui.save_slots.v1.attempt.png,runtime2d.ui.save_slots.v1.attempt,b9604b6739b773d4efb635f13ef33bda36a56d2b8ce347f3ebc7b16dc672c8b7,reject,none；HTML/CSS 重做
batch10/01_batch10.collage_attempt_01.png,batch10.collage_attempt_01,091f870acb0560b551cb4dcbd6ad24e803988de5ebd351ba95fdd8ea98d48130,reject,none
batch10/02_batch10.collage_attempt_02.png,batch10.collage_attempt_02,d374a480d4de597a249081486bd01a9ffc5b1803ba83c99ffeb693c87a874993,reject,none
batch10/03_batch10.collage_attempt_03.png,batch10.collage_attempt_03,70e4a0d5b64faebae2a98ab2b24c7ace8a6737a119415074f612ea3f78f73f7f,reject,none
batch10/04_batch10.collage_attempt_04.png,batch10.collage_attempt_04,77e8c426374dbac3a3f510e9d85788e9ef7ab3a47d7052842bdca0f2417a7f54,concept_only,composition reference only
batch10/05_batch10.collage_attempt_05.png,batch10.collage_attempt_05,0f3e253c4cd5bb44dd1926518ccc8c25711ec11b79463db49290d99dc286f3e8,reject,none
